<?xml version="1.0"?>
<!--
/**
 * Copyright © Magento, Inc. All rights reserved.
 * See COPYING.txt for license details.
 */
-->
<config xmlns:xsi="http://www.w3.org/2001/XMLSchema-instance" xsi:noNamespaceSchemaLocation="urn:magento:framework:Acl/etc/acl.xsd">
    <acl>
        <resources>
            <resource id="Magento_Backend::admin">
                    <resource id="Mytest_CustomAdmin::parent" title="Custom Admin Parent" translate="title" sortOrder="30">

                    <resource id="Mytest_CustomAdmin::firstchild" title="First Child" translate="title" sortOrder="10"/>
                </resource>

            </resource>
        </resources>
    </acl>
</config>
